IdCliente,Nome,Sobrenome,Idade,Profissao
CUST001,Henrique,Silva,70,Doctor
CUST002,Sofia,Almeida,68,Doctor
CUST003,Otavio,Pereira,19,Student
CUST004,Gabriela,Monteiro,26,Student
CUST005,Samuel,Oliveira,18,Student
CUST006,Yasmin,Araujo,37,Doctor
CUST007,Carla,Silva,67,Retired
CUST008,Felipe,Carvalho,51,Engineer
CUST009,Otavio,Moreira,55,Doctor
CUST010,Andre,Silva,52,Engineer
CUST011,Tatiana,Carvalho,21,Student
CUST012,Samuel,Araujo,24,Student
CUST013,Otavio,Cardoso,36,Engineer
CUST014,Yasmin,Ribeiro,39,Engineer
CUST015,Ana,Machado,59,Retired
CUST016,Karina,Duarte,71,Retired
CUST017,Igor,Martins,38,Doctor
CUST018,Sofia,Pereira,22,Student
CUST019,Nicolas,Machado,65,Retired
CUST020,Caio,Santos,23,Student
CUST021,Felipe,Barbosa,37,Engineer
CUST022,Gabriela,Rocha,44,Doctor
CUST023,Debora,Freitas,27,Student
CUST024,Rafael,Batista,59,Doctor
CUST025,Carla,Campos,29,Doctor
CUST026,Leonardo,Nunes,49,Engineer
CUST027,Henrique,Mendes,45,Doctor
CUST028,Fernanda,Oliveira,75,Retired
CUST029,Tatiana,Gomes,66,Doctor
CUST030,Beatriz,Vieira,55,Retired
CUST031,Elias,Correia,63,Retired
CUST032,Mariana,Duarte,57,Doctor
CUST033,Eduarda,Souza,74,Retired
CUST034,Otavio,Machado,41,Engineer
CUST035,Thiago,Oliveira,69,Retired
CUST036,Otavio,Pinto,67,Doctor
CUST037,Gabriela,Barbosa,28,Student
CUST038,Sofia,Cardoso,62,Retired
CUST039,Elias,Lima,25,Student
CUST040,Elias,Rocha,57,Retired
CUST041,Nicolas,Monteiro,68,Retired
CUST042,Sofia,Duarte,48,Engineer
CUST043,Eduarda,Freitas,46,Engineer
CUST044,Karina,Nunes,79,Retired
CUST045,Patricia,Lima,56,Engineer
CUST046,Leonardo,Barbosa,50,Doctor
CUST047,Sofia,Mendes,42,Engineer
CUST048,Tatiana,Almeida,56,Retired
CUST049,Bruna,Fonseca,60,Engineer
CUST050,Daniel,Almeida,32,Engineer
CUST051,Carla,Batista,44,Engineer
CUST052,Bruna,Barbosa,35,Engineer
CUST053,Sofia,Oliveira,20,Student
CUST054,Nicolas,Mendes,38,Engineer
CUST055,Vinicius,Vieira,58,Engineer
CUST056,Bruna,Carvalho,49,Doctor
CUST057,Natalia,Barbosa,34,Doctor
CUST058,Leonardo,Pereira,54,Engineer
CUST059,Rafael,Pereira,64,Doctor
CUST060,Patricia,Campos,48,Doctor
CUST061,Tatiana,Nunes,58,Doctor
CUST062,Rafael,Campos,60,Retired
CUST063,Yasmin,Barbosa,53,Engineer
CUST064,Elias,Almeida,29,Engineer
CUST065,Isabela,Moreira,57,Engineer
CUST066,Natalia,Oliveira,30,Engineer
CUST067,Daniel,Pinto,27,Engineer
CUST068,Henrique,Pereira,53,Retired
CUST069,Karina,Batista,78,Retired
CUST070,Igor,Freitas,40,Engineer
CUST071,Eduarda,Barbosa,47,Doctor
CUST072,Fernanda,Freitas,43,Engineer
CUST073,Leonardo,Moreira,26,Engineer
CUST074,Rafael,Nunes,46,Doctor
CUST075,Ana,Monteiro,33,Engineer
CUST076,Henrique,Monteiro,47,Engineer
CUST077,Samuel,Machado,56,Doctor
CUST078,Sofia,Machado,69,Doctor
CUST079,Thiago,Araujo,30,Doctor
CUST080,Karina,Cardoso,80,Retired
CUST081,Ana,Campos,66,Retired
CUST082,Rafael,Moreira,77,Retired
CUST083,Lucas,Moreira,41,Doctor
CUST084,Gabriela,Pinto,54,Retired
CUST085,Vanessa,Fonseca,61,Doctor
CUST086,Pedro,Freitas,62,Doctor
CUST087,Mariana,Pereira,53,Doctor
CUST088,Elias,Machado,33,Doctor
CUST089,Renata,Mendes,51,Retired
CUST090,Ana,Freitas,34,Engineer
CUST091,Bruna,Teixeira,31,Engineer
CUST092,Bruno,Santos,76,Retired
CUST093,Elias,Vieira,73,Retired
CUST094,Vanessa,Almeida,59,Engineer
CUST095,Vinicius,Oliveira,43,Doctor
CUST096,Felipe,Campos,64,Retired
CUST097,Natalia,Fonseca,54,Doctor
CUST098,Eduarda,Machado,65,Doctor
CUST099,Isabela,Pereira,40,Doctor
CUST100,Marcela,Nunes,61,Retired
CUST101,Karina,Ribeiro,55,Engineer
CUST102,Renata,Pinto,63,Doctor
CUST103,Andre,Araujo,28,Engineer
CUST104,Vanessa,Barbosa,51,Doctor
CUST105,Elias,Cardoso,39,Doctor
CUST106,Renata,Cardoso,35,Doctor
CUST107,Henrique,Almeida,72,Retired
CUST108,Otavio,Oliveira,45,Engineer
CUST109,Caio,Silva,58,Retired
CUST110,Yasmin,Nunes,31,Doctor
CUST111,Otavio,Correia,42,Doctor
CUST112,Otavio,Silva,32,Doctor
CUST113,Eduarda,Duarte,50,Engineer
CUST114,Eduarda,Vieira,36,Doctor
CUST115,Carla,Pinto,60,Doctor
CUST116,Caio,Oliveira,52,Retired
CUST117,Pedro,Almeida,52,Doctor
CUST118,Sofia,Monteiro,70,Retired
